"site","temp.level","precip.level","temp","precip"
"Hog",2,2,9.16749336911,1356.20673992
"Ulv",1,1,6.16847805965,596.347778795
"Vik",3,2,10.5541345775,1161.13750446
"Gud",1,3,5.86637629388,1924.59718429
"Ram",2,3,8.7674801136,1848.17078997
"Arh",3,3,10.5974700092,2043.63620569
"Skj",1,4,6.5762400217,2724.85434406
"Ves",2,4,8.66692067694,3028.68952944
"Ovs",3,4,10.7775250584,2923.19234725
"Alr",2,1,9.13925835931,788.647120457
"Fau",3,1,10.3,600
"Lav",1,2,6.45452202893,1320.50190216
